time,unit,fuel,output_up
5593,1,NaturalGas,0.0
5593,2,NaturalGas,0.0
5593,3,Lignite,75.0
5593,4,Nuclear,38.677600486115615
5593,5,Oil,0.0
5593,6,NaturalGas,0.0
5593,7,NaturalGas,0.0
5593,8,HardCoal,0.0
5593,9,HardCoal,0.0
5593,10,Lignite,0.0
5593,11,Lignite,0.0
5593,12,HardCoal,0.0
5594,1,NaturalGas,0.0
5594,2,NaturalGas,0.0
5594,3,Lignite,75.0
5594,4,Nuclear,41.07795562574979
5594,5,Oil,0.0
5594,6,NaturalGas,0.0
5594,7,NaturalGas,0.0
5594,8,HardCoal,0.0
5594,9,HardCoal,0.0
5594,10,Lignite,0.0
5594,11,Lignite,0.0
5594,12,HardCoal,0.0
5595,1,NaturalGas,0.0
5595,2,NaturalGas,0.0
5595,3,Lignite,75.0
5595,4,Nuclear,70.18156939135235
5595,5,Oil,0.0
5595,6,NaturalGas,0.0
5595,7,NaturalGas,0.0
5595,8,HardCoal,0.0
5595,9,HardCoal,0.0
5595,10,Lignite,0.0
5595,11,Lignite,0.0
5595,12,HardCoal,0.0
5596,1,NaturalGas,0.0
5596,2,NaturalGas,0.0
5596,3,Lignite,53.35794800000022
5596,4,Nuclear,114.60296189272279
5596,5,Oil,0.0
5596,6,NaturalGas,0.0
5596,7,NaturalGas,0.0
5596,8,HardCoal,0.0
5596,9,HardCoal,0.0
5596,10,Lignite,0.0
5596,11,Lignite,60.0
5596,12,HardCoal,0.0
5597,1,NaturalGas,0.0
5597,2,NaturalGas,0.0
5597,3,Lignite,0.0
5597,4,Nuclear,104.3042749399234
5597,5,Oil,0.0
5597,6,NaturalGas,0.0
5597,7,NaturalGas,0.0
5597,8,HardCoal,0.0
5597,9,HardCoal,0.0
5597,10,Lignite,0.0
5597,11,Lignite,120.0
5597,12,HardCoal,0.0
5598,1,NaturalGas,0.0
5598,2,NaturalGas,0.0
5598,3,Lignite,0.0
5598,4,Nuclear,29.954659000000206
5598,5,Oil,0.0
5598,6,NaturalGas,0.0
5598,7,NaturalGas,0.0
5598,8,HardCoal,0.0
5598,9,HardCoal,0.0
5598,10,Lignite,0.0
5598,11,Lignite,179.99999999999997
5598,12,HardCoal,8.182622160731901
5599,1,NaturalGas,0.0
5599,2,NaturalGas,0.0
5599,3,Lignite,0.0
5599,4,Nuclear,0.0
5599,5,Oil,0.0
5599,6,NaturalGas,11.70258949044487
5599,7,NaturalGas,0.0
5599,8,HardCoal,0.0
5599,9,HardCoal,0.0
5599,10,Lignite,0.0
5599,11,Lignite,156.54541600000022
5599,12,HardCoal,48.1826221607319
5600,1,NaturalGas,0.0
5600,2,NaturalGas,0.0
5600,3,Lignite,0.0
5600,4,Nuclear,0.0
5600,5,Oil,0.0
5600,6,NaturalGas,0.0
5600,7,NaturalGas,0.0
5600,8,HardCoal,0.0
5600,9,HardCoal,0.0
5600,10,Lignite,0.0
5600,11,Lignite,180.50130299999984
5600,12,HardCoal,68.41315794917628
5601,1,NaturalGas,0.0
5601,2,NaturalGas,0.0
5601,3,Lignite,0.0
5601,4,Nuclear,0.0
5601,5,Oil,0.0
5601,6,NaturalGas,0.0
5601,7,NaturalGas,0.0
5601,8,HardCoal,0.0
5601,9,HardCoal,0.0
5601,10,Lignite,0.0
5601,11,Lignite,189.73226399999982
5601,12,HardCoal,72.6465822240919
5602,1,NaturalGas,0.0
5602,2,NaturalGas,0.0
5602,3,Lignite,0.0
5602,4,Nuclear,0.0
5602,5,Oil,0.0
5602,6,NaturalGas,0.0
5602,7,NaturalGas,0.0
5602,8,HardCoal,0.0
5602,9,HardCoal,0.0
5602,10,Lignite,0.0
5602,11,Lignite,163.0718499999999
5602,12,HardCoal,103.72572020861668
5603,1,NaturalGas,0.0
5603,2,NaturalGas,0.0
5603,3,Lignite,0.0
5603,4,Nuclear,7.631392000000048
5603,5,Oil,0.0
5603,6,NaturalGas,0.0
5603,7,NaturalGas,0.0
5603,8,HardCoal,0.0
5603,9,HardCoal,0.0
5603,10,Lignite,0.0
5603,11,Lignite,201.5
5603,12,HardCoal,66.49534221547589
5604,1,NaturalGas,0.0
5604,2,NaturalGas,0.0
5604,3,Lignite,0.0
5604,4,Nuclear,27.42936800000031
5604,5,Oil,0.0
5604,6,NaturalGas,6.7759965622951945
5604,7,NaturalGas,0.0
5604,8,HardCoal,0.0
5604,9,HardCoal,0.0
5604,10,Lignite,0.0
5604,11,Lignite,201.5
5604,12,HardCoal,50.413718407275674
5605,1,NaturalGas,0.0
5605,2,NaturalGas,0.0
5605,3,Lignite,0.0
5605,4,Nuclear,80.05517999999965
5605,5,Oil,0.0
5605,6,NaturalGas,0.0
5605,7,NaturalGas,0.0
5605,8,HardCoal,0.0
5605,9,HardCoal,0.0
5605,10,Lignite,0.0
5605,11,Lignite,201.5
5605,12,HardCoal,10.413718407275674
5606,1,NaturalGas,0.0
5606,2,NaturalGas,0.0
5606,3,Lignite,0.0
5606,4,Nuclear,132.0627169999998
5606,5,Oil,0.0
5606,6,NaturalGas,0.0
5606,7,NaturalGas,0.0
5606,8,HardCoal,0.0
5606,9,HardCoal,0.0
5606,10,Lignite,0.0
5606,11,Lignite,155.8305773049044
5606,12,HardCoal,0.0
5607,1,NaturalGas,0.0
5607,2,NaturalGas,0.0
5607,3,Lignite,0.0
5607,4,Nuclear,168.01158399999983
5607,5,Oil,0.0
5607,6,NaturalGas,0.0
5607,7,NaturalGas,0.0
5607,8,HardCoal,0.0
5607,9,HardCoal,0.0
5607,10,Lignite,0.0
5607,11,Lignite,109.0289412798517
5607,12,HardCoal,0.0
5608,1,NaturalGas,0.0
5608,2,NaturalGas,0.0
5608,3,Lignite,0.0
5608,4,Nuclear,106.62498999999981
5608,5,Oil,0.0
5608,6,NaturalGas,0.0
5608,7,NaturalGas,0.0
5608,8,HardCoal,0.0
5608,9,HardCoal,0.0
5608,10,Lignite,0.0
5608,11,Lignite,142.83170678640772
5608,12,HardCoal,0.0
5609,1,NaturalGas,0.0
5609,2,NaturalGas,0.0
5609,3,Lignite,0.0
5609,4,Nuclear,56.52779700000021
5609,5,Oil,0.0
5609,6,NaturalGas,0.0
5609,7,NaturalGas,0.0
5609,8,HardCoal,0.0
5609,9,HardCoal,0.0
5609,10,Lignite,0.0
5609,11,Lignite,157.6408119592868
5609,12,HardCoal,0.0
5610,1,NaturalGas,0.0
5610,2,NaturalGas,0.0
5610,3,Lignite,0.0
5610,4,Nuclear,27.43347500000004
5610,5,Oil,0.0
5610,6,NaturalGas,0.0
5610,7,NaturalGas,0.0
5610,8,HardCoal,0.0
5610,9,HardCoal,0.0
5610,10,Lignite,0.0
5610,11,Lignite,168.08815479181752
5610,12,HardCoal,0.0
5611,1,NaturalGas,0.0
5611,2,NaturalGas,0.0
5611,3,Lignite,0.0
5611,4,Nuclear,37.325646000000035
5611,5,Oil,0.0
5611,6,NaturalGas,0.0
5611,7,NaturalGas,0.0
5611,8,HardCoal,0.0
5611,9,HardCoal,0.0
5611,10,Lignite,0.0
5611,11,Lignite,148.1872746545174
5611,12,HardCoal,0.0
5612,1,NaturalGas,0.0
5612,2,NaturalGas,0.0
5612,3,Lignite,0.0
5612,4,Nuclear,73.80238799999984
5612,5,Oil,0.0
5612,6,NaturalGas,0.0
5612,7,NaturalGas,0.0
5612,8,HardCoal,0.0
5612,9,HardCoal,0.0
5612,10,Lignite,0.0
5612,11,Lignite,101.91057994231154
5612,12,HardCoal,0.0
5613,1,NaturalGas,0.0
5613,2,NaturalGas,0.0
5613,3,Lignite,0.0
5613,4,Nuclear,137.3130871419093
5613,5,Oil,0.0
5613,6,NaturalGas,0.0
5613,7,NaturalGas,0.0
5613,8,HardCoal,0.0
5613,9,HardCoal,0.0
5613,10,Lignite,0.0
5613,11,Lignite,41.91057994231153
5613,12,HardCoal,0.0
5614,1,NaturalGas,0.0
5614,2,NaturalGas,0.0
5614,3,Lignite,6.20029000000013
5614,4,Nuclear,185.82661133206696
5614,5,Oil,0.0
5614,6,NaturalGas,0.0
5614,7,NaturalGas,0.0
5614,8,HardCoal,0.0
5614,9,HardCoal,0.0
5614,10,Lignite,0.0
5614,11,Lignite,0.0
5614,12,HardCoal,0.0
5615,1,NaturalGas,0.0
5615,2,NaturalGas,0.0
5615,3,Lignite,75.0
5615,4,Nuclear,100.577951887958
5615,5,Oil,0.0
5615,6,NaturalGas,0.0
5615,7,NaturalGas,0.0
5615,8,HardCoal,0.0
5615,9,HardCoal,0.0
5615,10,Lignite,0.0
5615,11,Lignite,0.0
5615,12,HardCoal,0.0
5616,1,NaturalGas,0.0
5616,2,NaturalGas,0.0
5616,3,Lignite,75.0
5616,4,Nuclear,50.59368169822574
5616,5,Oil,0.0
5616,6,NaturalGas,0.0
5616,7,NaturalGas,0.0
5616,8,HardCoal,0.0
5616,9,HardCoal,0.0
5616,10,Lignite,0.0
5616,11,Lignite,0.0
5616,12,HardCoal,0.0
5617,1,NaturalGas,0.0
5617,2,NaturalGas,0.0
5617,3,Lignite,75.0
5617,4,Nuclear,26.120567751041403
5617,5,Oil,0.0
5617,6,NaturalGas,0.0
5617,7,NaturalGas,0.0
5617,8,HardCoal,0.0
5617,9,HardCoal,0.0
5617,10,Lignite,0.0
5617,11,Lignite,0.0
5617,12,HardCoal,0.0
5618,1,NaturalGas,0.0
5618,2,NaturalGas,0.0
5618,3,Lignite,75.0
5618,4,Nuclear,29.78579909624952
5618,5,Oil,0.0
5618,6,NaturalGas,0.0
5618,7,NaturalGas,0.0
5618,8,HardCoal,0.0
5618,9,HardCoal,0.0
5618,10,Lignite,0.0
5618,11,Lignite,0.0
5618,12,HardCoal,0.0
5619,1,NaturalGas,0.0
5619,2,NaturalGas,0.0
5619,3,Lignite,75.0
5619,4,Nuclear,63.608017311689395
5619,5,Oil,0.0
5619,6,NaturalGas,0.0
5619,7,NaturalGas,0.0
5619,8,HardCoal,0.0
5619,9,HardCoal,0.0
5619,10,Lignite,0.0
5619,11,Lignite,0.0
5619,12,HardCoal,0.0
5620,1,NaturalGas,0.0
5620,2,NaturalGas,0.0
5620,3,Lignite,35.707040999999684
5620,4,Nuclear,95.70399354532009
5620,5,Oil,0.0
5620,6,NaturalGas,0.0
5620,7,NaturalGas,0.0
5620,8,HardCoal,0.0
5620,9,HardCoal,0.0
5620,10,Lignite,0.0
5620,11,Lignite,60.0
5620,12,HardCoal,0.0
5621,1,NaturalGas,0.0
5621,2,NaturalGas,0.0
5621,3,Lignite,0.0
5621,4,Nuclear,86.27760823475663
5621,5,Oil,0.0
5621,6,NaturalGas,0.0
5621,7,NaturalGas,0.0
5621,8,HardCoal,0.0
5621,9,HardCoal,0.0
5621,10,Lignite,0.0
5621,11,Lignite,80.03290799999967
5621,12,HardCoal,0.0
5622,1,NaturalGas,0.0
5622,2,NaturalGas,0.0
5622,3,Lignite,0.0
5622,4,Nuclear,43.69096800000038
5622,5,Oil,0.0
5622,6,NaturalGas,0.0
5622,7,NaturalGas,0.0
5622,8,HardCoal,0.0
5622,9,HardCoal,0.0
5622,10,Lignite,0.0
5622,11,Lignite,80.03290799999967
5622,12,HardCoal,17.100052564184796
5623,1,NaturalGas,0.0
5623,2,NaturalGas,0.0
5623,3,Lignite,0.0
5623,4,Nuclear,0.0
5623,5,Oil,0.0
5623,6,NaturalGas,19.682579525040754
5623,7,NaturalGas,0.0
5623,8,HardCoal,0.0
5623,9,HardCoal,0.0
5623,10,Lignite,0.0
5623,11,Lignite,41.532907999999665
5623,12,HardCoal,57.1000525641848
5624,1,NaturalGas,0.0
5624,2,NaturalGas,0.0
5624,3,Lignite,0.0
5624,4,Nuclear,0.0
5624,5,Oil,0.0
5624,6,NaturalGas,0.0
5624,7,NaturalGas,0.0
5624,8,HardCoal,0.0
5624,9,HardCoal,0.0
5624,10,Lignite,0.0
5624,11,Lignite,52.13590500000009
5624,12,HardCoal,69.25351633983948
5625,1,NaturalGas,0.0
5625,2,NaturalGas,0.0
5625,3,Lignite,0.0
5625,4,Nuclear,0.0
5625,5,Oil,0.0
5625,6,NaturalGas,0.0
5625,7,NaturalGas,0.0
5625,8,HardCoal,0.0
5625,9,HardCoal,0.0
5625,10,Lignite,0.0
5625,11,Lignite,40.03991500000006
5625,12,HardCoal,80.09621363802374
5626,1,NaturalGas,0.0
5626,2,NaturalGas,0.0
5626,3,Lignite,0.0
5626,4,Nuclear,0.0
5626,5,Oil,0.0
5626,6,NaturalGas,0.32605732055444037
5626,7,NaturalGas,0.0
5626,8,HardCoal,0.0
5626,9,HardCoal,0.0
5626,10,Lignite,0.0
5626,11,Lignite,2.7813980000000793
5626,12,HardCoal,120.09621363802374
5627,1,NaturalGas,0.0
5627,2,NaturalGas,0.0
5627,3,Lignite,0.0
5627,4,Nuclear,0.0
5627,5,Oil,0.0
5627,6,NaturalGas,0.0
5627,7,NaturalGas,0.0
5627,8,HardCoal,0.0
5627,9,HardCoal,0.0
5627,10,Lignite,0.0
5627,11,Lignite,7.848603999999559
5627,12,HardCoal,125.39615449342998
5628,1,NaturalGas,0.0
5628,2,NaturalGas,0.0
5628,3,Lignite,0.0
5628,4,Nuclear,0.0
5628,5,Oil,0.0
5628,6,NaturalGas,0.0
5628,7,NaturalGas,0.0
5628,8,HardCoal,0.0
5628,9,HardCoal,0.0
5628,10,Lignite,0.0
5628,11,Lignite,17.272569999999867
5628,12,HardCoal,117.63676570146826
5629,1,NaturalGas,0.0
5629,2,NaturalGas,0.0
5629,3,Lignite,0.0
5629,4,Nuclear,0.0
5629,5,Oil,0.0
5629,6,NaturalGas,0.0
5629,7,NaturalGas,0.0
5629,8,HardCoal,0.0
5629,9,HardCoal,0.0
5629,10,Lignite,0.0
5629,11,Lignite,32.25319399999967
5629,12,HardCoal,97.0107736202209
5630,1,NaturalGas,0.0
5630,2,NaturalGas,0.0
5630,3,Lignite,0.0
5630,4,Nuclear,0.0
5630,5,Oil,0.0
5630,6,NaturalGas,1.1232867631537413
5630,7,NaturalGas,0.0
5630,8,HardCoal,0.0
5630,9,HardCoal,0.0
5630,10,Lignite,0.0
5630,11,Lignite,41.92424399999983
5630,12,HardCoal,73.6471247251037
5631,1,NaturalGas,0.0
5631,2,NaturalGas,0.0
5631,3,Lignite,0.0
5631,4,Nuclear,0.0
5631,5,Oil,0.0
5631,6,NaturalGas,0.0
5631,7,NaturalGas,0.0
5631,8,HardCoal,0.0
5631,9,HardCoal,0.0
5631,10,Lignite,0.0
5631,11,Lignite,69.63945799999989
5631,12,HardCoal,33.647124725103694
5632,1,NaturalGas,0.0
5632,2,NaturalGas,0.0
5632,3,Lignite,0.0
5632,4,Nuclear,0.0
5632,5,Oil,0.0
5632,6,NaturalGas,0.0
5632,7,NaturalGas,0.0
5632,8,HardCoal,0.0
5632,9,HardCoal,0.0
5632,10,Lignite,0.0
5632,11,Lignite,71.48941399999971
5632,12,HardCoal,13.895405024253371
5633,1,NaturalGas,0.0
5633,2,NaturalGas,0.0
5633,3,Lignite,0.0
5633,4,Nuclear,0.0
5633,5,Oil,0.0
5633,6,NaturalGas,0.0
5633,7,NaturalGas,0.0
5633,8,HardCoal,0.0
5633,9,HardCoal,0.0
5633,10,Lignite,0.0
5633,11,Lignite,49.94416200000047
5633,12,HardCoal,17.08300903607718
5634,1,NaturalGas,0.0
5634,2,NaturalGas,0.0
5634,3,Lignite,0.0
5634,4,Nuclear,0.0
5634,5,Oil,0.0
5634,6,NaturalGas,0.0
5634,7,NaturalGas,0.0
5634,8,HardCoal,0.0
5634,9,HardCoal,0.0
5634,10,Lignite,0.0
5634,11,Lignite,56.86427099999993
5634,12,HardCoal,2.2373913697267156
5635,1,NaturalGas,0.0
5635,2,NaturalGas,0.0
5635,3,Lignite,0.0
5635,4,Nuclear,0.0
5635,5,Oil,0.0
5635,6,NaturalGas,0.0
5635,7,NaturalGas,0.0
5635,8,HardCoal,0.0
5635,9,HardCoal,0.0
5635,10,Lignite,0.0
5635,11,Lignite,64.12685571294023
5635,12,HardCoal,0.0
5636,1,NaturalGas,0.0
5636,2,NaturalGas,0.0
5636,3,Lignite,0.0
5636,4,Nuclear,0.0
5636,5,Oil,0.0
5636,6,NaturalGas,0.0
5636,7,NaturalGas,0.0
5636,8,HardCoal,0.0
5636,9,HardCoal,0.0
5636,10,Lignite,0.0
5636,11,Lignite,71.08444864123057
5636,12,HardCoal,0.0
5637,1,NaturalGas,0.0
5637,2,NaturalGas,0.0
5637,3,Lignite,0.0
5637,4,Nuclear,15.400230325518294
5637,5,Oil,0.0
5637,6,NaturalGas,0.0
5637,7,NaturalGas,0.0
5637,8,HardCoal,0.0
5637,9,HardCoal,0.0
5637,10,Lignite,0.0
5637,11,Lignite,71.08444864123055
5637,12,HardCoal,0.0
5638,1,NaturalGas,0.0
5638,2,NaturalGas,0.0
5638,3,Lignite,0.0
5638,4,Nuclear,81.1429402075682
5638,5,Oil,0.0
5638,6,NaturalGas,0.0
5638,7,NaturalGas,0.0
5638,8,HardCoal,0.0
5638,9,HardCoal,0.0
5638,10,Lignite,0.0
5638,11,Lignite,14.28488064123038
5638,12,HardCoal,0.0
5639,1,NaturalGas,0.0
5639,2,NaturalGas,0.0
5639,3,Lignite,0.0
5639,4,Nuclear,101.43882102075057
5639,5,Oil,0.0
5639,6,NaturalGas,0.0
5639,7,NaturalGas,0.0
5639,8,HardCoal,0.0
5639,9,HardCoal,0.0
5639,10,Lignite,0.0
5639,11,Lignite,0.0
5639,12,HardCoal,0.0
5640,1,NaturalGas,0.0
5640,2,NaturalGas,0.0
5640,3,Lignite,26.801781000000034
5640,4,Nuclear,84.19083718113379
5640,5,Oil,0.0
5640,6,NaturalGas,0.0
5640,7,NaturalGas,0.0
5640,8,HardCoal,0.0
5640,9,HardCoal,0.0
5640,10,Lignite,0.0
5640,11,Lignite,0.0
5640,12,HardCoal,0.0
5641,1,NaturalGas,0.0
5641,2,NaturalGas,0.0
5641,3,Lignite,72.31414900000019
5641,4,Nuclear,48.695308423077876
5641,5,Oil,0.0
5641,6,NaturalGas,0.0
5641,7,NaturalGas,0.0
5641,8,HardCoal,0.0
5641,9,HardCoal,0.0
5641,10,Lignite,0.0
5641,11,Lignite,0.0
5641,12,HardCoal,0.0
5642,1,NaturalGas,0.0
5642,2,NaturalGas,0.0
5642,3,Lignite,73.73050200000003
5642,4,Nuclear,50.32193086434549
5642,5,Oil,0.0
5642,6,NaturalGas,0.0
5642,7,NaturalGas,0.0
5642,8,HardCoal,0.0
5642,9,HardCoal,0.0
5642,10,Lignite,0.0
5642,11,Lignite,0.0
5642,12,HardCoal,0.0
5643,1,NaturalGas,0.0
5643,2,NaturalGas,0.0
5643,3,Lignite,40.64120099999982
5643,4,Nuclear,82.70349253871143
5643,5,Oil,0.0
5643,6,NaturalGas,0.0
5643,7,NaturalGas,0.0
5643,8,HardCoal,0.0
5643,9,HardCoal,0.0
5643,10,Lignite,0.0
5643,11,Lignite,0.0
5643,12,HardCoal,0.0
5644,1,NaturalGas,0.0
5644,2,NaturalGas,0.0
5644,3,Lignite,39.37978499999999
5644,4,Nuclear,29.863443453731776
5644,5,Oil,0.0
5644,6,NaturalGas,0.0
5644,7,NaturalGas,0.0
5644,8,HardCoal,0.0
5644,9,HardCoal,0.0
5644,10,Lignite,0.0
5644,11,Lignite,60.0
5644,12,HardCoal,0.0
5645,1,NaturalGas,0.0
5645,2,NaturalGas,0.0
5645,3,Lignite,0.0
5645,4,Nuclear,18.978616006522575
5645,5,Oil,0.0
5645,6,NaturalGas,0.0
5645,7,NaturalGas,0.0
5645,8,HardCoal,0.0
5645,9,HardCoal,0.0
5645,10,Lignite,0.0
5645,11,Lignite,116.41335399999984
5645,12,HardCoal,0.0
5646,1,NaturalGas,0.0
5646,2,NaturalGas,0.0
5646,3,Lignite,0.0
5646,4,Nuclear,0.0
5646,5,Oil,0.0
5646,6,NaturalGas,0.0
5646,7,NaturalGas,0.0
5646,8,HardCoal,0.0
5646,9,HardCoal,0.0
5646,10,Lignite,0.0
5646,11,Lignite,116.41335399999986
5646,12,HardCoal,25.868382876507066
5647,1,NaturalGas,0.0
5647,2,NaturalGas,0.0
5647,3,Lignite,0.0
5647,4,Nuclear,0.0
5647,5,Oil,0.0
5647,6,NaturalGas,1.0120740461221356
5647,7,NaturalGas,0.0
5647,8,HardCoal,0.0
5647,9,HardCoal,0.0
5647,10,Lignite,0.0
5647,11,Lignite,82.09161500000009
5647,12,HardCoal,65.86838287650707
5648,1,NaturalGas,0.0
5648,2,NaturalGas,0.0
5648,3,Lignite,0.0
5648,4,Nuclear,0.0
5648,5,Oil,0.0
5648,6,NaturalGas,0.0
5648,7,NaturalGas,0.0
5648,8,HardCoal,0.0
5648,9,HardCoal,0.0
5648,10,Lignite,0.0
5648,11,Lignite,92.39659900000046
5648,12,HardCoal,71.7513722536121
5649,1,NaturalGas,0.0
5649,2,NaturalGas,0.0
5649,3,Lignite,0.0
5649,4,Nuclear,0.0
5649,5,Oil,0.0
5649,6,NaturalGas,0.0
5649,7,NaturalGas,0.0
5649,8,HardCoal,0.0
5649,9,HardCoal,0.0
5649,10,Lignite,0.0
5649,11,Lignite,93.09486700000006
5649,12,HardCoal,87.70084173871687
5650,1,NaturalGas,0.0
5650,2,NaturalGas,0.0
5650,3,Lignite,0.0
5650,4,Nuclear,0.0
5650,5,Oil,0.0
5650,6,NaturalGas,11.65599658108678
5650,7,NaturalGas,0.0
5650,8,HardCoal,0.0
5650,9,HardCoal,0.0
5650,10,Lignite,0.0
5650,11,Lignite,52.30368299999988
5650,12,HardCoal,127.70084173871687
5651,1,NaturalGas,0.0
5651,2,NaturalGas,0.0
5651,3,Lignite,0.0
5651,4,Nuclear,0.0
5651,5,Oil,0.0
5651,6,NaturalGas,17.091598738236115
5651,7,NaturalGas,0.0
5651,8,HardCoal,0.0
5651,9,HardCoal,0.0
5651,10,Lignite,0.0
5651,11,Lignite,80.39972400000038
5651,12,HardCoal,107.15387310832756
5652,1,NaturalGas,0.0
5652,2,NaturalGas,0.0
5652,3,Lignite,0.0
5652,4,Nuclear,6.396078999999677
5652,5,Oil,0.0
5652,6,NaturalGas,0.0
5652,7,NaturalGas,0.0
5652,8,HardCoal,0.0
5652,9,HardCoal,0.0
5652,10,Lignite,0.0
5652,11,Lignite,140.39972400000036
5652,12,HardCoal,67.15387310832756
5653,1,NaturalGas,0.0
5653,2,NaturalGas,0.0
5653,3,Lignite,0.0
5653,4,Nuclear,0.0
5653,5,Oil,0.0
5653,6,NaturalGas,25.1405861196448
5653,7,NaturalGas,0.0
5653,8,HardCoal,0.0
5653,9,HardCoal,0.0
5653,10,Lignite,0.0
5653,11,Lignite,128.06393200000008
5653,12,HardCoal,52.91242977867242
5654,1,NaturalGas,0.0
5654,2,NaturalGas,0.0
5654,3,Lignite,0.0
5654,4,Nuclear,0.0
5654,5,Oil,0.0
5654,6,NaturalGas,0.0
5654,7,NaturalGas,0.0
5654,8,HardCoal,0.0
5654,9,HardCoal,0.0
5654,10,Lignite,0.0
5654,11,Lignite,184.52824099999958
5654,12,HardCoal,12.912429778672418
5655,1,NaturalGas,0.0
5655,2,NaturalGas,0.0
5655,3,Lignite,0.0
5655,4,Nuclear,17.075198999999852
5655,5,Oil,0.0
5655,6,NaturalGas,0.0
5655,7,NaturalGas,0.0
5655,8,HardCoal,0.0
5655,9,HardCoal,0.0
5655,10,Lignite,0.0
5655,11,Lignite,161.39113754539673
5655,12,HardCoal,0.0
5656,1,NaturalGas,0.0
5656,2,NaturalGas,0.0
5656,3,Lignite,0.0
5656,4,Nuclear,0.0
5656,5,Oil,0.0
5656,6,NaturalGas,0.0
5656,7,NaturalGas,0.0
5656,8,HardCoal,0.0
5656,9,HardCoal,0.0
5656,10,Lignite,0.0
5656,11,Lignite,152.85109400000016
5656,12,HardCoal,3.6520913085144713
5657,1,NaturalGas,0.0
5657,2,NaturalGas,0.0
5657,3,Lignite,0.0
5657,4,Nuclear,0.0
5657,5,Oil,0.0
5657,6,NaturalGas,0.0
5657,7,NaturalGas,0.0
5657,8,HardCoal,0.0
5657,9,HardCoal,0.0
5657,10,Lignite,0.0
5657,11,Lignite,110.62982100000005
5657,12,HardCoal,10.984315158838953
5658,1,NaturalGas,0.0
5658,2,NaturalGas,0.0
5658,3,Lignite,0.0
5658,4,Nuclear,0.0
5658,5,Oil,0.0
5658,6,NaturalGas,0.0
5658,7,NaturalGas,0.0
5658,8,HardCoal,0.0
5658,9,HardCoal,0.0
5658,10,Lignite,0.0
5658,11,Lignite,73.68646700000023
5658,12,HardCoal,11.146888108854647
5659,1,NaturalGas,0.0
5659,2,NaturalGas,0.0
5659,3,Lignite,0.0
5659,4,Nuclear,0.0
5659,5,Oil,0.0
5659,6,NaturalGas,0.0
5659,7,NaturalGas,0.0
5659,8,HardCoal,0.0
5659,9,HardCoal,0.0
5659,10,Lignite,0.0
5659,11,Lignite,57.44011484653257
5659,12,HardCoal,8.944184191280469
5660,1,NaturalGas,0.0
5660,2,NaturalGas,0.0
5660,3,Lignite,0.0
5660,4,Nuclear,2.054545999999835
5660,5,Oil,0.0
5660,6,NaturalGas,0.0
5660,7,NaturalGas,0.0
5660,8,HardCoal,0.0
5660,9,HardCoal,0.0
5660,10,Lignite,0.0
5660,11,Lignite,57.44011484653259
5660,12,HardCoal,0.0
5661,1,NaturalGas,0.0
5661,2,NaturalGas,0.0
5661,3,Lignite,0.0
5661,4,Nuclear,14.271930044893288
5661,5,Oil,0.0
5661,6,NaturalGas,0.0
5661,7,NaturalGas,0.0
5661,8,HardCoal,0.0
5661,9,HardCoal,0.0
5661,10,Lignite,0.0
5661,11,Lignite,57.440114846532595
5661,12,HardCoal,0.0
5662,1,NaturalGas,0.0
5662,2,NaturalGas,0.0
5662,3,Lignite,0.0
5662,4,Nuclear,78.16044528107527
5662,5,Oil,0.0
5662,6,NaturalGas,0.0
5662,7,NaturalGas,0.0
5662,8,HardCoal,0.0
5662,9,HardCoal,0.0
5662,10,Lignite,0.0
5662,11,Lignite,13.099911846532375
5662,12,HardCoal,0.0
5663,1,NaturalGas,0.0
5663,2,NaturalGas,0.0
5663,3,Lignite,0.0
5663,4,Nuclear,103.87504435385063
5663,5,Oil,0.0
5663,6,NaturalGas,0.0
5663,7,NaturalGas,0.0
5663,8,HardCoal,0.0
5663,9,HardCoal,0.0
5663,10,Lignite,0.0
5663,11,Lignite,0.0
5663,12,HardCoal,0.0
5664,1,NaturalGas,0.0
5664,2,NaturalGas,0.0
5664,3,Lignite,17.790297000000145
5664,4,Nuclear,97.72983015577105
5664,5,Oil,0.0
5664,6,NaturalGas,0.0
5664,7,NaturalGas,0.0
5664,8,HardCoal,0.0
5664,9,HardCoal,0.0
5664,10,Lignite,0.0
5664,11,Lignite,0.0
5664,12,HardCoal,0.0
5665,1,NaturalGas,0.0
5665,2,NaturalGas,0.0
5665,3,Lignite,68.87380499999986
5665,4,Nuclear,58.08841234302735
5665,5,Oil,0.0
5665,6,NaturalGas,0.0
5665,7,NaturalGas,0.0
5665,8,HardCoal,0.0
5665,9,HardCoal,0.0
5665,10,Lignite,0.0
5665,11,Lignite,0.0
5665,12,HardCoal,0.0
5666,1,NaturalGas,0.0
5666,2,NaturalGas,0.0
5666,3,Lignite,70.59111899999985
5666,4,Nuclear,59.41749682249669
5666,5,Oil,0.0
5666,6,NaturalGas,0.0
5666,7,NaturalGas,0.0
5666,8,HardCoal,0.0
5666,9,HardCoal,0.0
5666,10,Lignite,0.0
5666,11,Lignite,0.0
5666,12,HardCoal,0.0
5667,1,NaturalGas,0.0
5667,2,NaturalGas,0.0
5667,3,Lignite,26.55182500000015
5667,4,Nuclear,94.57297654212333
5667,5,Oil,0.0
5667,6,NaturalGas,0.0
5667,7,NaturalGas,0.0
5667,8,HardCoal,0.0
5667,9,HardCoal,0.0
5667,10,Lignite,0.0
5667,11,Lignite,0.0
5667,12,HardCoal,0.0
5668,1,NaturalGas,0.0
5668,2,NaturalGas,0.0
5668,3,Lignite,3.528010000000026
5668,4,Nuclear,75.32546254064928
5668,5,Oil,0.0
5668,6,NaturalGas,0.0
5668,7,NaturalGas,0.0
5668,8,HardCoal,0.0
5668,9,HardCoal,0.0
5668,10,Lignite,0.0
5668,11,Lignite,26.15788300000007
5668,12,HardCoal,0.0
5669,1,NaturalGas,0.0
5669,2,NaturalGas,0.0
5669,3,Lignite,0.0
5669,4,Nuclear,57.64193254146264
5669,5,Oil,0.0
5669,6,NaturalGas,0.0
5669,7,NaturalGas,0.0
5669,8,HardCoal,0.0
5669,9,HardCoal,0.0
5669,10,Lignite,0.0
5669,11,Lignite,26.15788300000006
5669,12,HardCoal,0.0
5670,1,NaturalGas,0.0
5670,2,NaturalGas,0.0
5670,3,Lignite,0.0
5670,4,Nuclear,0.0
5670,5,Oil,0.0
5670,6,NaturalGas,21.285880678067432
5670,7,NaturalGas,0.0
5670,8,HardCoal,0.0
5670,9,HardCoal,0.0
5670,10,Lignite,0.0
5670,11,Lignite,26.157883000000048
5670,12,HardCoal,6.284125530231588
5671,1,NaturalGas,0.0
5671,2,NaturalGas,0.0
5671,3,Lignite,0.0
5671,4,Nuclear,0.0
5671,5,Oil,0.0
5671,6,NaturalGas,51.28588067806743
5671,7,NaturalGas,0.0
5671,8,HardCoal,0.0
5671,9,HardCoal,0.0
5671,10,Lignite,0.0
5671,11,Lignite,0.0
5671,12,HardCoal,0.0
5672,1,NaturalGas,0.0
5672,2,NaturalGas,0.0
5672,3,Lignite,0.0
5672,4,Nuclear,0.0
5672,5,Oil,0.0
5672,6,NaturalGas,36.70378398875047
5672,7,NaturalGas,0.0
5672,8,HardCoal,0.0
5672,9,HardCoal,0.0
5672,10,Lignite,0.0
5672,11,Lignite,0.0
5672,12,HardCoal,0.0
5673,1,NaturalGas,0.0
5673,2,NaturalGas,0.0
5673,3,Lignite,0.0
5673,4,Nuclear,0.0
5673,5,Oil,0.0
5673,6,NaturalGas,26.121399922673703
5673,7,NaturalGas,0.0
5673,8,HardCoal,0.0
5673,9,HardCoal,0.0
5673,10,Lignite,0.0
5673,11,Lignite,0.0
5673,12,HardCoal,0.0
5674,1,NaturalGas,0.0
5674,2,NaturalGas,0.0
5674,3,Lignite,0.0
5674,4,Nuclear,0.0
5674,5,Oil,0.0
5674,6,NaturalGas,54.98696100699654
5674,7,NaturalGas,0.0
5674,8,HardCoal,0.0
5674,9,HardCoal,0.0
5674,10,Lignite,0.0
5674,11,Lignite,0.0
5674,12,HardCoal,0.0
5675,1,NaturalGas,11.315150302608723
5675,2,NaturalGas,0.0
5675,3,Lignite,0.0
5675,4,Nuclear,0.0
5675,5,Oil,0.0
5675,6,NaturalGas,36.67566925313891
5675,7,NaturalGas,0.0
5675,8,HardCoal,0.0
5675,9,HardCoal,0.0
5675,10,Lignite,0.0
5675,11,Lignite,0.0
5675,12,HardCoal,0.0
5676,1,NaturalGas,0.0
5676,2,NaturalGas,0.0
5676,3,Lignite,0.0
5676,4,Nuclear,0.0
5676,5,Oil,0.0
5676,6,NaturalGas,6.675669253138916
5676,7,NaturalGas,0.0
5676,8,HardCoal,0.0
5676,9,HardCoal,0.0
5676,10,Lignite,0.0
5676,11,Lignite,0.0
5676,12,HardCoal,0.0
5677,1,NaturalGas,0.0
5677,2,NaturalGas,0.0
5677,3,Lignite,0.0
5677,4,Nuclear,0.0
5677,5,Oil,0.0
5677,6,NaturalGas,4.924809224021676
5677,7,NaturalGas,0.0
5677,8,HardCoal,0.0
5677,9,HardCoal,0.0
5677,10,Lignite,0.0
5677,11,Lignite,0.0
5677,12,HardCoal,0.0
5678,1,NaturalGas,0.0
5678,2,NaturalGas,0.0
5678,3,Lignite,0.0
5678,4,Nuclear,0.0
5678,5,Oil,0.0
5678,6,NaturalGas,0.0
5678,7,NaturalGas,0.0
5678,8,HardCoal,0.0
5678,9,HardCoal,0.0
5678,10,Lignite,0.0
5678,11,Lignite,0.0
5678,12,HardCoal,0.0
5679,1,NaturalGas,0.0
5679,2,NaturalGas,0.0
5679,3,Lignite,0.0
5679,4,Nuclear,0.0
5679,5,Oil,0.0
5679,6,NaturalGas,0.0
5679,7,NaturalGas,0.0
5679,8,HardCoal,0.0
5679,9,HardCoal,0.0
5679,10,Lignite,0.0
5679,11,Lignite,0.0
5679,12,HardCoal,0.0
5680,1,NaturalGas,0.0
5680,2,NaturalGas,0.0
5680,3,Lignite,0.0
5680,4,Nuclear,0.0
5680,5,Oil,0.0
5680,6,NaturalGas,0.0
5680,7,NaturalGas,0.0
5680,8,HardCoal,0.0
5680,9,HardCoal,0.0
5680,10,Lignite,0.0
5680,11,Lignite,0.0
5680,12,HardCoal,0.0
5681,1,NaturalGas,0.0
5681,2,NaturalGas,0.0
5681,3,Lignite,0.0
5681,4,Nuclear,0.0
5681,5,Oil,0.0
5681,6,NaturalGas,0.0
5681,7,NaturalGas,0.0
5681,8,HardCoal,0.0
5681,9,HardCoal,0.0
5681,10,Lignite,0.0
5681,11,Lignite,0.0
5681,12,HardCoal,0.0
5682,1,NaturalGas,0.0
5682,2,NaturalGas,0.0
5682,3,Lignite,0.0
5682,4,Nuclear,0.0
5682,5,Oil,0.0
5682,6,NaturalGas,0.0
5682,7,NaturalGas,0.0
5682,8,HardCoal,0.0
5682,9,HardCoal,0.0
5682,10,Lignite,0.0
5682,11,Lignite,0.0
5682,12,HardCoal,0.0
5683,1,NaturalGas,0.0
5683,2,NaturalGas,0.0
5683,3,Lignite,0.0
5683,4,Nuclear,0.0
5683,5,Oil,0.0
5683,6,NaturalGas,0.0
5683,7,NaturalGas,0.0
5683,8,HardCoal,0.0
5683,9,HardCoal,0.0
5683,10,Lignite,0.0
5683,11,Lignite,0.0
5683,12,HardCoal,0.0
5684,1,NaturalGas,0.0
5684,2,NaturalGas,0.0
5684,3,Lignite,0.0
5684,4,Nuclear,0.0
5684,5,Oil,0.0
5684,6,NaturalGas,0.0
5684,7,NaturalGas,0.0
5684,8,HardCoal,0.0
5684,9,HardCoal,0.0
5684,10,Lignite,0.0
5684,11,Lignite,0.0
5684,12,HardCoal,0.0
5685,1,NaturalGas,0.0
5685,2,NaturalGas,0.0
5685,3,Lignite,0.0
5685,4,Nuclear,0.0
5685,5,Oil,0.0
5685,6,NaturalGas,0.0
5685,7,NaturalGas,0.0
5685,8,HardCoal,0.0
5685,9,HardCoal,0.0
5685,10,Lignite,0.0
5685,11,Lignite,0.0
5685,12,HardCoal,0.0
5686,1,NaturalGas,0.0
5686,2,NaturalGas,0.0
5686,3,Lignite,0.0
5686,4,Nuclear,0.0
5686,5,Oil,0.0
5686,6,NaturalGas,0.0
5686,7,NaturalGas,0.0
5686,8,HardCoal,0.0
5686,9,HardCoal,0.0
5686,10,Lignite,0.0
5686,11,Lignite,0.0
5686,12,HardCoal,0.0
5687,1,NaturalGas,0.0
5687,2,NaturalGas,0.0
5687,3,Lignite,0.0
5687,4,Nuclear,0.0
5687,5,Oil,0.0
5687,6,NaturalGas,0.0
5687,7,NaturalGas,0.0
5687,8,HardCoal,0.0
5687,9,HardCoal,0.0
5687,10,Lignite,0.0
5687,11,Lignite,0.0
5687,12,HardCoal,0.0
5688,1,NaturalGas,0.0
5688,2,NaturalGas,0.0
5688,3,Lignite,0.0
5688,4,Nuclear,0.0
5688,5,Oil,0.0
5688,6,NaturalGas,0.0
5688,7,NaturalGas,0.0
5688,8,HardCoal,0.0
5688,9,HardCoal,0.0
5688,10,Lignite,0.0
5688,11,Lignite,0.0
5688,12,HardCoal,0.0
5689,1,NaturalGas,0.0
5689,2,NaturalGas,0.0
5689,3,Lignite,0.0
5689,4,Nuclear,0.0
5689,5,Oil,0.0
5689,6,NaturalGas,0.0
5689,7,NaturalGas,0.0
5689,8,HardCoal,0.0
5689,9,HardCoal,0.0
5689,10,Lignite,0.0
5689,11,Lignite,0.0
5689,12,HardCoal,0.0
5690,1,NaturalGas,0.0
5690,2,NaturalGas,0.0
5690,3,Lignite,0.0
5690,4,Nuclear,0.0
5690,5,Oil,0.0
5690,6,NaturalGas,0.0
5690,7,NaturalGas,0.0
5690,8,HardCoal,0.0
5690,9,HardCoal,0.0
5690,10,Lignite,0.0
5690,11,Lignite,0.0
5690,12,HardCoal,0.0
5691,1,NaturalGas,0.0
5691,2,NaturalGas,0.0
5691,3,Lignite,0.0
5691,4,Nuclear,0.0
5691,5,Oil,0.0
5691,6,NaturalGas,0.0
5691,7,NaturalGas,0.0
5691,8,HardCoal,0.0
5691,9,HardCoal,0.0
5691,10,Lignite,0.0
5691,11,Lignite,0.0
5691,12,HardCoal,0.0
5692,1,NaturalGas,0.0
5692,2,NaturalGas,0.0
5692,3,Lignite,0.0
5692,4,Nuclear,4.314008250611923
5692,5,Oil,0.0
5692,6,NaturalGas,0.0
5692,7,NaturalGas,0.0
5692,8,HardCoal,0.0
5692,9,HardCoal,0.0
5692,10,Lignite,0.0
5692,11,Lignite,0.0
5692,12,HardCoal,0.0
5693,1,NaturalGas,0.0
5693,2,NaturalGas,0.0
5693,3,Lignite,0.0
5693,4,Nuclear,9.729717904290492
5693,5,Oil,0.0
5693,6,NaturalGas,0.0
5693,7,NaturalGas,0.0
5693,8,HardCoal,0.0
5693,9,HardCoal,0.0
5693,10,Lignite,0.0
5693,11,Lignite,0.0
5693,12,HardCoal,0.0
5694,1,NaturalGas,0.0
5694,2,NaturalGas,0.0
5694,3,Lignite,0.0
5694,4,Nuclear,0.0
5694,5,Oil,0.0
5694,6,NaturalGas,0.0
5694,7,NaturalGas,0.0
5694,8,HardCoal,0.0
5694,9,HardCoal,0.0
5694,10,Lignite,0.0
5694,11,Lignite,0.0
5694,12,HardCoal,0.0
5695,1,NaturalGas,0.0
5695,2,NaturalGas,0.0
5695,3,Lignite,0.0
5695,4,Nuclear,0.0
5695,5,Oil,0.0
5695,6,NaturalGas,0.0
5695,7,NaturalGas,0.0
5695,8,HardCoal,0.0
5695,9,HardCoal,0.0
5695,10,Lignite,0.0
5695,11,Lignite,0.0
5695,12,HardCoal,0.0
5696,1,NaturalGas,0.0
5696,2,NaturalGas,0.0
5696,3,Lignite,0.0
5696,4,Nuclear,0.0
5696,5,Oil,0.0
5696,6,NaturalGas,0.0
5696,7,NaturalGas,0.0
5696,8,HardCoal,0.0
5696,9,HardCoal,0.0
5696,10,Lignite,0.0
5696,11,Lignite,0.0
5696,12,HardCoal,0.0
5697,1,NaturalGas,0.0
5697,2,NaturalGas,0.0
5697,3,Lignite,0.0
5697,4,Nuclear,0.0
5697,5,Oil,0.0
5697,6,NaturalGas,0.0
5697,7,NaturalGas,0.0
5697,8,HardCoal,0.0
5697,9,HardCoal,0.0
5697,10,Lignite,0.0
5697,11,Lignite,0.0
5697,12,HardCoal,0.0
5698,1,NaturalGas,0.0
5698,2,NaturalGas,0.0
5698,3,Lignite,0.0
5698,4,Nuclear,0.0
5698,5,Oil,0.0
5698,6,NaturalGas,0.0
5698,7,NaturalGas,0.0
5698,8,HardCoal,0.0
5698,9,HardCoal,0.0
5698,10,Lignite,0.0
5698,11,Lignite,0.0
5698,12,HardCoal,0.0
5699,1,NaturalGas,0.0
5699,2,NaturalGas,0.0
5699,3,Lignite,0.0
5699,4,Nuclear,0.0
5699,5,Oil,0.0
5699,6,NaturalGas,0.0
5699,7,NaturalGas,0.0
5699,8,HardCoal,0.0
5699,9,HardCoal,0.0
5699,10,Lignite,0.0
5699,11,Lignite,0.0
5699,12,HardCoal,0.0
5700,1,NaturalGas,0.0
5700,2,NaturalGas,0.0
5700,3,Lignite,0.0
5700,4,Nuclear,0.0
5700,5,Oil,0.0
5700,6,NaturalGas,0.0
5700,7,NaturalGas,0.0
5700,8,HardCoal,0.0
5700,9,HardCoal,0.0
5700,10,Lignite,0.0
5700,11,Lignite,0.0
5700,12,HardCoal,0.0
5701,1,NaturalGas,0.0
5701,2,NaturalGas,0.0
5701,3,Lignite,0.0
5701,4,Nuclear,0.0
5701,5,Oil,0.0
5701,6,NaturalGas,0.0
5701,7,NaturalGas,0.0
5701,8,HardCoal,0.0
5701,9,HardCoal,0.0
5701,10,Lignite,0.0
5701,11,Lignite,0.0
5701,12,HardCoal,0.0
5702,1,NaturalGas,0.0
5702,2,NaturalGas,0.0
5702,3,Lignite,0.0
5702,4,Nuclear,0.0
5702,5,Oil,0.0
5702,6,NaturalGas,0.0
5702,7,NaturalGas,0.0
5702,8,HardCoal,0.0
5702,9,HardCoal,0.0
5702,10,Lignite,0.0
5702,11,Lignite,0.0
5702,12,HardCoal,0.0
5703,1,NaturalGas,0.0
5703,2,NaturalGas,0.0
5703,3,Lignite,0.0
5703,4,Nuclear,0.0
5703,5,Oil,0.0
5703,6,NaturalGas,0.0
5703,7,NaturalGas,0.0
5703,8,HardCoal,0.0
5703,9,HardCoal,0.0
5703,10,Lignite,0.0
5703,11,Lignite,0.0
5703,12,HardCoal,0.0
5704,1,NaturalGas,0.0
5704,2,NaturalGas,0.0
5704,3,Lignite,0.0
5704,4,Nuclear,0.0
5704,5,Oil,0.0
5704,6,NaturalGas,0.0
5704,7,NaturalGas,0.0
5704,8,HardCoal,0.0
5704,9,HardCoal,0.0
5704,10,Lignite,0.0
5704,11,Lignite,0.0
5704,12,HardCoal,0.0
5705,1,NaturalGas,0.0
5705,2,NaturalGas,0.0
5705,3,Lignite,0.0
5705,4,Nuclear,0.0
5705,5,Oil,0.0
5705,6,NaturalGas,0.0
5705,7,NaturalGas,0.0
5705,8,HardCoal,0.0
5705,9,HardCoal,0.0
5705,10,Lignite,0.0
5705,11,Lignite,0.0
5705,12,HardCoal,0.0
5706,1,NaturalGas,0.0
5706,2,NaturalGas,0.0
5706,3,Lignite,0.0
5706,4,Nuclear,0.0
5706,5,Oil,0.0
5706,6,NaturalGas,0.0
5706,7,NaturalGas,0.0
5706,8,HardCoal,0.0
5706,9,HardCoal,0.0
5706,10,Lignite,0.0
5706,11,Lignite,0.0
5706,12,HardCoal,0.0
5707,1,NaturalGas,0.0
5707,2,NaturalGas,0.0
5707,3,Lignite,0.0
5707,4,Nuclear,0.0
5707,5,Oil,0.0
5707,6,NaturalGas,0.0
5707,7,NaturalGas,0.0
5707,8,HardCoal,0.0
5707,9,HardCoal,0.0
5707,10,Lignite,0.0
5707,11,Lignite,0.0
5707,12,HardCoal,0.0
5708,1,NaturalGas,0.0
5708,2,NaturalGas,0.0
5708,3,Lignite,0.0
5708,4,Nuclear,6.930539350678133
5708,5,Oil,0.0
5708,6,NaturalGas,0.0
5708,7,NaturalGas,0.0
5708,8,HardCoal,0.0
5708,9,HardCoal,0.0
5708,10,Lignite,0.0
5708,11,Lignite,0.0
5708,12,HardCoal,0.0
5709,1,NaturalGas,0.0
5709,2,NaturalGas,0.0
5709,3,Lignite,0.0
5709,4,Nuclear,8.978980020295978
5709,5,Oil,0.0
5709,6,NaturalGas,0.0
5709,7,NaturalGas,0.0
5709,8,HardCoal,0.0
5709,9,HardCoal,0.0
5709,10,Lignite,0.0
5709,11,Lignite,0.0
5709,12,HardCoal,0.0
5710,1,NaturalGas,0.0
5710,2,NaturalGas,0.0
5710,3,Lignite,0.0
5710,4,Nuclear,12.055380483367383
5710,5,Oil,0.0
5710,6,NaturalGas,0.0
5710,7,NaturalGas,0.0
5710,8,HardCoal,0.0
5710,9,HardCoal,0.0
5710,10,Lignite,0.0
5710,11,Lignite,0.0
5710,12,HardCoal,0.0
5711,1,NaturalGas,0.0
5711,2,NaturalGas,0.0
5711,3,Lignite,15.417683766603506
5711,4,Nuclear,0.0
5711,5,Oil,0.0
5711,6,NaturalGas,0.0
5711,7,NaturalGas,0.0
5711,8,HardCoal,0.0
5711,9,HardCoal,0.0
5711,10,Lignite,0.0
5711,11,Lignite,0.0
5711,12,HardCoal,0.0
5712,1,NaturalGas,0.0
5712,2,NaturalGas,0.0
5712,3,Lignite,0.0
5712,4,Nuclear,0.0
5712,5,Oil,0.0
5712,6,NaturalGas,0.0
5712,7,NaturalGas,0.0
5712,8,HardCoal,0.0
5712,9,HardCoal,0.0
5712,10,Lignite,0.0
5712,11,Lignite,0.0
5712,12,HardCoal,0.0
5713,1,NaturalGas,0.0
5713,2,NaturalGas,0.0
5713,3,Lignite,0.0
5713,4,Nuclear,0.0
5713,5,Oil,0.0
5713,6,NaturalGas,0.0
5713,7,NaturalGas,0.0
5713,8,HardCoal,0.0
5713,9,HardCoal,0.0
5713,10,Lignite,0.0
5713,11,Lignite,0.0
5713,12,HardCoal,0.0
5714,1,NaturalGas,0.0
5714,2,NaturalGas,0.0
5714,3,Lignite,0.0
5714,4,Nuclear,0.0
5714,5,Oil,0.0
5714,6,NaturalGas,0.0
5714,7,NaturalGas,0.0
5714,8,HardCoal,0.0
5714,9,HardCoal,0.0
5714,10,Lignite,0.0
5714,11,Lignite,0.0
5714,12,HardCoal,0.0
5715,1,NaturalGas,0.0
5715,2,NaturalGas,0.0
5715,3,Lignite,0.0
5715,4,Nuclear,0.0
5715,5,Oil,0.0
5715,6,NaturalGas,0.0
5715,7,NaturalGas,0.0
5715,8,HardCoal,0.0
5715,9,HardCoal,0.0
5715,10,Lignite,0.0
5715,11,Lignite,0.0
5715,12,HardCoal,0.0
5716,1,NaturalGas,0.0
5716,2,NaturalGas,0.0
5716,3,Lignite,0.0
5716,4,Nuclear,0.0
5716,5,Oil,0.0
5716,6,NaturalGas,0.0
5716,7,NaturalGas,0.0
5716,8,HardCoal,0.0
5716,9,HardCoal,0.0
5716,10,Lignite,0.0
5716,11,Lignite,0.0
5716,12,HardCoal,0.0
5717,1,NaturalGas,0.0
5717,2,NaturalGas,0.0
5717,3,Lignite,0.0
5717,4,Nuclear,0.0
5717,5,Oil,0.0
5717,6,NaturalGas,0.0
5717,7,NaturalGas,0.0
5717,8,HardCoal,0.0
5717,9,HardCoal,0.0
5717,10,Lignite,0.0
5717,11,Lignite,0.0
5717,12,HardCoal,0.0
5718,1,NaturalGas,0.0
5718,2,NaturalGas,0.0
5718,3,Lignite,0.0
5718,4,Nuclear,0.0
5718,5,Oil,0.0
5718,6,NaturalGas,0.0
5718,7,NaturalGas,0.0
5718,8,HardCoal,0.0
5718,9,HardCoal,0.0
5718,10,Lignite,0.0
5718,11,Lignite,0.0
5718,12,HardCoal,0.0
5719,1,NaturalGas,0.0
5719,2,NaturalGas,0.0
5719,3,Lignite,0.0
5719,4,Nuclear,0.0
5719,5,Oil,0.0
5719,6,NaturalGas,0.0
5719,7,NaturalGas,0.0
5719,8,HardCoal,0.0
5719,9,HardCoal,0.0
5719,10,Lignite,0.0
5719,11,Lignite,0.0
5719,12,HardCoal,0.0
5720,1,NaturalGas,0.0
5720,2,NaturalGas,0.0
5720,3,Lignite,0.0
5720,4,Nuclear,0.0
5720,5,Oil,0.0
5720,6,NaturalGas,0.0
5720,7,NaturalGas,0.0
5720,8,HardCoal,0.0
5720,9,HardCoal,0.0
5720,10,Lignite,0.0
5720,11,Lignite,0.0
5720,12,HardCoal,0.0
5721,1,NaturalGas,0.0
5721,2,NaturalGas,0.0
5721,3,Lignite,0.0
5721,4,Nuclear,0.0
5721,5,Oil,0.0
5721,6,NaturalGas,0.0
5721,7,NaturalGas,0.0
5721,8,HardCoal,0.0
5721,9,HardCoal,0.0
5721,10,Lignite,0.0
5721,11,Lignite,0.0
5721,12,HardCoal,0.0
5722,1,NaturalGas,0.0
5722,2,NaturalGas,0.0
5722,3,Lignite,0.0
5722,4,Nuclear,0.0
5722,5,Oil,0.0
5722,6,NaturalGas,0.0
5722,7,NaturalGas,0.0
5722,8,HardCoal,0.0
5722,9,HardCoal,0.0
5722,10,Lignite,0.0
5722,11,Lignite,0.0
5722,12,HardCoal,0.0
5723,1,NaturalGas,0.0
5723,2,NaturalGas,0.0
5723,3,Lignite,0.0
5723,4,Nuclear,0.0
5723,5,Oil,0.0
5723,6,NaturalGas,0.0
5723,7,NaturalGas,0.0
5723,8,HardCoal,0.0
5723,9,HardCoal,0.0
5723,10,Lignite,0.0
5723,11,Lignite,0.0
5723,12,HardCoal,0.0
5724,1,NaturalGas,0.0
5724,2,NaturalGas,0.0
5724,3,Lignite,0.0
5724,4,Nuclear,0.0
5724,5,Oil,0.0
5724,6,NaturalGas,0.0
5724,7,NaturalGas,0.0
5724,8,HardCoal,0.0
5724,9,HardCoal,0.0
5724,10,Lignite,0.0
5724,11,Lignite,0.0
5724,12,HardCoal,0.0
5725,1,NaturalGas,0.0
5725,2,NaturalGas,0.0
5725,3,Lignite,0.0
5725,4,Nuclear,0.0
5725,5,Oil,0.0
5725,6,NaturalGas,0.0
5725,7,NaturalGas,0.0
5725,8,HardCoal,0.0
5725,9,HardCoal,0.0
5725,10,Lignite,0.0
5725,11,Lignite,0.0
5725,12,HardCoal,0.0
5726,1,NaturalGas,0.0
5726,2,NaturalGas,0.0
5726,3,Lignite,0.0
5726,4,Nuclear,0.0
5726,5,Oil,0.0
5726,6,NaturalGas,0.0
5726,7,NaturalGas,0.0
5726,8,HardCoal,0.0
5726,9,HardCoal,0.0
5726,10,Lignite,0.0
5726,11,Lignite,0.0
5726,12,HardCoal,0.0
5727,1,NaturalGas,0.0
5727,2,NaturalGas,0.0
5727,3,Lignite,0.0
5727,4,Nuclear,0.0
5727,5,Oil,0.0
5727,6,NaturalGas,0.0
5727,7,NaturalGas,0.0
5727,8,HardCoal,0.0
5727,9,HardCoal,0.0
5727,10,Lignite,0.0
5727,11,Lignite,0.0
5727,12,HardCoal,0.0
5728,1,NaturalGas,0.0
5728,2,NaturalGas,0.0
5728,3,Lignite,0.0
5728,4,Nuclear,0.0
5728,5,Oil,0.0
5728,6,NaturalGas,0.0
5728,7,NaturalGas,0.0
5728,8,HardCoal,0.0
5728,9,HardCoal,0.0
5728,10,Lignite,0.0
5728,11,Lignite,0.0
5728,12,HardCoal,0.0
5729,1,NaturalGas,0.0
5729,2,NaturalGas,0.0
5729,3,Lignite,0.0
5729,4,Nuclear,0.0
5729,5,Oil,0.0
5729,6,NaturalGas,0.0
5729,7,NaturalGas,0.0
5729,8,HardCoal,0.0
5729,9,HardCoal,0.0
5729,10,Lignite,0.0
5729,11,Lignite,0.0
5729,12,HardCoal,0.0
5730,1,NaturalGas,0.0
5730,2,NaturalGas,0.0
5730,3,Lignite,0.0
5730,4,Nuclear,0.0
5730,5,Oil,0.0
5730,6,NaturalGas,0.0
5730,7,NaturalGas,0.0
5730,8,HardCoal,0.0
5730,9,HardCoal,0.0
5730,10,Lignite,0.0
5730,11,Lignite,0.0
5730,12,HardCoal,0.0
5731,1,NaturalGas,0.0
5731,2,NaturalGas,0.0
5731,3,Lignite,0.0
5731,4,Nuclear,0.0
5731,5,Oil,0.0
5731,6,NaturalGas,0.0
5731,7,NaturalGas,0.0
5731,8,HardCoal,0.0
5731,9,HardCoal,0.0
5731,10,Lignite,0.0
5731,11,Lignite,0.0
5731,12,HardCoal,0.0
5732,1,NaturalGas,0.0
5732,2,NaturalGas,0.0
5732,3,Lignite,0.0
5732,4,Nuclear,0.0
5732,5,Oil,0.0
5732,6,NaturalGas,0.0
5732,7,NaturalGas,0.0
5732,8,HardCoal,0.0
5732,9,HardCoal,0.0
5732,10,Lignite,0.0
5732,11,Lignite,0.0
5732,12,HardCoal,0.0
5733,1,NaturalGas,0.0
5733,2,NaturalGas,0.0
5733,3,Lignite,0.0
5733,4,Nuclear,0.0
5733,5,Oil,0.0
5733,6,NaturalGas,0.0
5733,7,NaturalGas,0.0
5733,8,HardCoal,0.0
5733,9,HardCoal,0.0
5733,10,Lignite,0.0
5733,11,Lignite,0.0
5733,12,HardCoal,0.0
5734,1,NaturalGas,0.0
5734,2,NaturalGas,0.0
5734,3,Lignite,0.0
5734,4,Nuclear,0.0
5734,5,Oil,0.0
5734,6,NaturalGas,0.0
5734,7,NaturalGas,0.0
5734,8,HardCoal,0.0
5734,9,HardCoal,0.0
5734,10,Lignite,0.0
5734,11,Lignite,0.0
5734,12,HardCoal,0.0
5735,1,NaturalGas,0.0
5735,2,NaturalGas,0.0
5735,3,Lignite,0.0
5735,4,Nuclear,0.0
5735,5,Oil,0.0
5735,6,NaturalGas,0.0
5735,7,NaturalGas,0.0
5735,8,HardCoal,0.0
5735,9,HardCoal,0.0
5735,10,Lignite,0.0
5735,11,Lignite,0.0
5735,12,HardCoal,0.0
5736,1,NaturalGas,0.0
5736,2,NaturalGas,0.0
5736,3,Lignite,0.0
5736,4,Nuclear,0.0
5736,5,Oil,0.0
5736,6,NaturalGas,0.0
5736,7,NaturalGas,0.0
5736,8,HardCoal,0.0
5736,9,HardCoal,0.0
5736,10,Lignite,0.0
5736,11,Lignite,0.0
5736,12,HardCoal,0.0
5737,1,NaturalGas,0.0
5737,2,NaturalGas,0.0
5737,3,Lignite,0.0
5737,4,Nuclear,0.0
5737,5,Oil,0.0
5737,6,NaturalGas,0.0
5737,7,NaturalGas,0.0
5737,8,HardCoal,0.0
5737,9,HardCoal,0.0
5737,10,Lignite,0.0
5737,11,Lignite,0.0
5737,12,HardCoal,0.0
5738,1,NaturalGas,0.0
5738,2,NaturalGas,0.0
5738,3,Lignite,0.0
5738,4,Nuclear,0.0
5738,5,Oil,0.0
5738,6,NaturalGas,0.0
5738,7,NaturalGas,0.0
5738,8,HardCoal,0.0
5738,9,HardCoal,0.0
5738,10,Lignite,0.0
5738,11,Lignite,0.0
5738,12,HardCoal,0.0
5739,1,NaturalGas,0.0
5739,2,NaturalGas,0.0
5739,3,Lignite,0.0
5739,4,Nuclear,0.0
5739,5,Oil,0.0
5739,6,NaturalGas,0.0
5739,7,NaturalGas,0.0
5739,8,HardCoal,0.0
5739,9,HardCoal,0.0
5739,10,Lignite,0.0
5739,11,Lignite,0.0
5739,12,HardCoal,0.0
5740,1,NaturalGas,0.0
5740,2,NaturalGas,0.0
5740,3,Lignite,0.0
5740,4,Nuclear,0.0
5740,5,Oil,0.0
5740,6,NaturalGas,0.0
5740,7,NaturalGas,0.0
5740,8,HardCoal,0.0
5740,9,HardCoal,0.0
5740,10,Lignite,0.0
5740,11,Lignite,0.0
5740,12,HardCoal,0.0
5741,1,NaturalGas,0.0
5741,2,NaturalGas,0.0
5741,3,Lignite,0.0
5741,4,Nuclear,0.0
5741,5,Oil,0.0
5741,6,NaturalGas,0.0
5741,7,NaturalGas,0.0
5741,8,HardCoal,0.0
5741,9,HardCoal,0.0
5741,10,Lignite,0.0
5741,11,Lignite,0.0
5741,12,HardCoal,0.0
5742,1,NaturalGas,0.0
5742,2,NaturalGas,0.0
5742,3,Lignite,0.0
5742,4,Nuclear,0.0
5742,5,Oil,0.0
5742,6,NaturalGas,0.0
5742,7,NaturalGas,0.0
5742,8,HardCoal,0.0
5742,9,HardCoal,0.0
5742,10,Lignite,0.0
5742,11,Lignite,0.0
5742,12,HardCoal,1.6713551745526911
5743,1,NaturalGas,9.530587383416854
5743,2,NaturalGas,0.0
5743,3,Lignite,0.0
5743,4,Nuclear,0.0
5743,5,Oil,0.0
5743,6,NaturalGas,30.0
5743,7,NaturalGas,0.0
5743,8,HardCoal,0.0
5743,9,HardCoal,0.0
5743,10,Lignite,0.0
5743,11,Lignite,0.0
5743,12,HardCoal,1.6713551745527022
5744,1,NaturalGas,0.0
5744,2,NaturalGas,0.0
5744,3,Lignite,0.0
5744,4,Nuclear,0.0
5744,5,Oil,0.0
5744,6,NaturalGas,10.545192934579095
5744,7,NaturalGas,0.0
5744,8,HardCoal,0.0
5744,9,HardCoal,0.0
5744,10,Lignite,0.0
5744,11,Lignite,0.0
5744,12,HardCoal,1.6713551745526911
5745,1,NaturalGas,0.0
5745,2,NaturalGas,0.0
5745,3,Lignite,0.0
5745,4,Nuclear,0.0
5745,5,Oil,0.0
5745,6,NaturalGas,0.0
5745,7,NaturalGas,0.0
5745,8,HardCoal,0.0
5745,9,HardCoal,0.0
5745,10,Lignite,0.0
5745,11,Lignite,0.0
5745,12,HardCoal,0.0
5746,1,NaturalGas,0.0
5746,2,NaturalGas,0.0
5746,3,Lignite,0.0
5746,4,Nuclear,0.0
5746,5,Oil,0.0
5746,6,NaturalGas,0.0
5746,7,NaturalGas,0.0
5746,8,HardCoal,0.0
5746,9,HardCoal,0.0
5746,10,Lignite,0.0
5746,11,Lignite,0.0
5746,12,HardCoal,0.0
5747,1,NaturalGas,0.0
5747,2,NaturalGas,0.0
5747,3,Lignite,0.0
5747,4,Nuclear,0.0
5747,5,Oil,0.0
5747,6,NaturalGas,3.553703070766945
5747,7,NaturalGas,0.0
5747,8,HardCoal,0.0
5747,9,HardCoal,0.0
5747,10,Lignite,0.0
5747,11,Lignite,0.0
5747,12,HardCoal,0.0
5748,1,NaturalGas,0.0
5748,2,NaturalGas,0.0
5748,3,Lignite,0.0
5748,4,Nuclear,0.0
5748,5,Oil,0.0
5748,6,NaturalGas,6.882419793559613
5748,7,NaturalGas,0.0
5748,8,HardCoal,0.0
5748,9,HardCoal,0.0
5748,10,Lignite,0.0
5748,11,Lignite,0.0
5748,12,HardCoal,0.0
5749,1,NaturalGas,0.0
5749,2,NaturalGas,0.0
5749,3,Lignite,0.0
5749,4,Nuclear,0.0
5749,5,Oil,0.0
5749,6,NaturalGas,8.34860899683334
5749,7,NaturalGas,0.0
5749,8,HardCoal,0.0
5749,9,HardCoal,0.0
5749,10,Lignite,0.0
5749,11,Lignite,0.0
5749,12,HardCoal,0.0
5750,1,NaturalGas,0.0
5750,2,NaturalGas,0.0
5750,3,Lignite,0.0
5750,4,Nuclear,0.0
5750,5,Oil,0.0
5750,6,NaturalGas,0.0
5750,7,NaturalGas,0.0
5750,8,HardCoal,0.0
5750,9,HardCoal,0.0
5750,10,Lignite,0.0
5750,11,Lignite,0.0
5750,12,HardCoal,0.0
5751,1,NaturalGas,0.0
5751,2,NaturalGas,0.0
5751,3,Lignite,0.0
5751,4,Nuclear,0.0
5751,5,Oil,0.0
5751,6,NaturalGas,0.0
5751,7,NaturalGas,0.0
5751,8,HardCoal,0.0
5751,9,HardCoal,0.0
5751,10,Lignite,0.0
5751,11,Lignite,0.0
5751,12,HardCoal,0.0
5752,1,NaturalGas,0.0
5752,2,NaturalGas,0.0
5752,3,Lignite,0.0
5752,4,Nuclear,0.0
5752,5,Oil,0.0
5752,6,NaturalGas,0.0
5752,7,NaturalGas,0.0
5752,8,HardCoal,0.0
5752,9,HardCoal,0.0
5752,10,Lignite,0.0
5752,11,Lignite,0.0
5752,12,HardCoal,0.0
5753,1,NaturalGas,0.0
5753,2,NaturalGas,0.0
5753,3,Lignite,0.0
5753,4,Nuclear,0.0
5753,5,Oil,0.0
5753,6,NaturalGas,0.0
5753,7,NaturalGas,0.0
5753,8,HardCoal,0.0
5753,9,HardCoal,0.0
5753,10,Lignite,0.0
5753,11,Lignite,0.0
5753,12,HardCoal,0.0
5754,1,NaturalGas,0.0
5754,2,NaturalGas,0.0
5754,3,Lignite,0.0
5754,4,Nuclear,0.0
5754,5,Oil,0.0
5754,6,NaturalGas,6.531340066897107
5754,7,NaturalGas,0.0
5754,8,HardCoal,0.0
5754,9,HardCoal,0.0
5754,10,Lignite,0.0
5754,11,Lignite,0.0
5754,12,HardCoal,0.0
5755,1,NaturalGas,0.0
5755,2,NaturalGas,0.0
5755,3,Lignite,0.0
5755,4,Nuclear,0.0
5755,5,Oil,0.0
5755,6,NaturalGas,0.0
5755,7,NaturalGas,0.0
5755,8,HardCoal,0.0
5755,9,HardCoal,0.0
5755,10,Lignite,0.0
5755,11,Lignite,7.911457000000155
5755,12,HardCoal,31.44708182413707
5756,1,NaturalGas,0.0
5756,2,NaturalGas,0.0
5756,3,Lignite,0.0
5756,4,Nuclear,44.811255000000116
5756,5,Oil,0.0
5756,6,NaturalGas,0.0
5756,7,NaturalGas,0.0
5756,8,HardCoal,0.0
5756,9,HardCoal,0.0
5756,10,Lignite,0.0
5756,11,Lignite,20.003628116968496
5756,12,HardCoal,0.0
5757,1,NaturalGas,0.0
5757,2,NaturalGas,0.0
5757,3,Lignite,0.0
5757,4,Nuclear,53.6092703653932
5757,5,Oil,0.0
5757,6,NaturalGas,0.0
5757,7,NaturalGas,0.0
5757,8,HardCoal,0.0
5757,9,HardCoal,0.0
5757,10,Lignite,0.0
5757,11,Lignite,20.003628116968486
5757,12,HardCoal,0.0
5758,1,NaturalGas,0.0
5758,2,NaturalGas,0.0
5758,3,Lignite,0.0
5758,4,Nuclear,48.1031358820517
5758,5,Oil,0.0
5758,6,NaturalGas,0.0
5758,7,NaturalGas,0.0
5758,8,HardCoal,0.0
5758,9,HardCoal,0.0
5758,10,Lignite,0.0
5758,11,Lignite,20.003628116968496
5758,12,HardCoal,0.0
5759,1,NaturalGas,0.0
5759,2,NaturalGas,0.0
5759,3,Lignite,0.0
5759,4,Nuclear,59.57324341352024
5759,5,Oil,0.0
5759,6,NaturalGas,0.0
5759,7,NaturalGas,0.0
5759,8,HardCoal,0.0
5759,9,HardCoal,0.0
5759,10,Lignite,0.0
5759,11,Lignite,0.0
5759,12,HardCoal,0.0
5760,1,NaturalGas,0.0
5760,2,NaturalGas,0.0
5760,3,Lignite,0.0
5760,4,Nuclear,51.87676023128625
5760,5,Oil,0.0
5760,6,NaturalGas,0.0
5760,7,NaturalGas,0.0
5760,8,HardCoal,0.0
5760,9,HardCoal,0.0
5760,10,Lignite,0.0
5760,11,Lignite,0.0
5760,12,HardCoal,0.0
